cpu_usage_percent,memory_usage_percent,disk_usage_percent
16.1,70.6,96.5
10.0,70.4,96.5
5.7,71.7,96.5
3.5,70.2,96.5
6.1,69.3,96.5
18.6,69.1,96.5
6.6,70.0,96.5
8.2,69.8,96.5
4.6,71.0,96.5
4.8,70.1,96.5
12.4,68.7,96.5
6.5,68.7,96.5
26.2,68.3,96.5
12.8,72.4,96.5
12.2,72.0,96.6
4.3,69.3,97.1
12.5,67.2,97.3
11.5,70.2,97.5
13.3,67.5,96.7
12.5,67.0,96.7
11.5,65.8,96.7
25.7,70.7,96.7
25.5,70.9,97.8
10.1,67.9,96.7
32.5,67.3,97.2
2.3,67.6,97.4
3.5,67.7,98.0
3.6,66.0,97.8
3.6,67.2,97.9
12.9,67.5,97.8
17.8,67.8,97.8
6.2,70.8,97.9
5.0,74.2,97.9
4.3,72.7,97.9
13.4,68.8,97.9
10.8,70.4,98.0
16.4,69.9,98.0
3.9,68.3,98.0
3.7,68.0,98.0
3.0,67.0,98.0
6.4,67.2,98.0
4.0,66.6,98.0
3.7,66.7,98.0
2.6,66.8,98.0
4.0,66.8,98.0
4.7,67.7,98.0
3.1,67.5,98.0
7.5,66.8,98.0
6.6,66.7,98.0
7.8,66.7,98.0
3.0,66.7,98.0
4.7,66.7,98.0
4.6,66.8,98.0
7.0,67.8,98.0
3.9,67.5,98.0
2.9,66.9,98.0
18.8,67.5,98.0
3.1,67.8,98.0
4.4,67.7,98.0
4.7,67.7,98.0
5.7,67.6,98.0
2.3,67.8,98.0
2.5,67.6,98.0
2.9,67.5,98.0
3.1,67.6,98.0
2.0,67.6,98.0
4.4,67.7,98.0
3.6,76.8,98.3
3.0,77.4,98.3
7.1,77.9,99.5
3.4,78.1,99.5
4.7,77.9,99.7
7.2,79.6,99.7
3.6,81.2,99.7
10.0,80.4,99.7
2.6,80.3,99.7
9.4,79.6,99.7
7.6,72.9,99.4
2.5,72.6,99.4
6.4,72.8,99.4
3.5,72.7,99.4
3.9,72.9,99.4
1.9,72.1,99.4
1.9,71.8,99.4
1.6,71.9,99.4
2.6,71.9,99.4
5.6,72.0,99.4
3.6,72.2,99.4
4.9,72.1,99.4
1.4,72.2,99.4
2.1,72.1,99.4
2.6,72.1,99.4
4.1,71.9,99.4
8.6,72.2,99.4
0.5,71.6,99.4
1.9,71.7,99.4
3.1,71.8,99.4
3.2,71.0,99.4
2.6,71.1,99.4
2.1,71.2,99.4
2.9,71.4,99.4
2.1,71.5,99.4
2.5,71.3,99.4
1.6,71.3,99.4
0.9,71.3,99.4
6.2,72.2,99.4
20.0,73.9,99.4
31.0,77.9,99.4
23.5,77.1,99.4
24.0,76.5,99.4
14.3,77.1,99.4
12.2,77.1,99.4
12.6,76.7,99.4
18.7,77.1,99.4
24.4,77.1,99.4
15.8,77.1,99.4
14.1,77.1,99.4
22.9,80.8,99.8
25.6,80.6,99.8
15.9,79.4,99.8
25.3,79.6,99.8
11.5,78.9,99.8
17.3,80.0,99.8
14.8,79.4,99.8
20.7,79.6,99.8
15.0,79.3,99.8
24.3,79.5,99.8
27.2,78.6,99.7
25.0,78.7,99.7
19.8,79.1,99.7
18.6,79.6,99.7
22.2,80.2,99.7
18.1,79.6,99.7
17.1,78.4,99.7
13.7,77.9,99.7
12.6,78.3,99.7
15.5,78.3,99.7
22.2,78.4,99.7
21.2,78.1,99.7
16.5,78.3,99.7
15.5,79.1,99.7
14.9,78.1,99.7
11.6,78.4,99.7
19.0,76.5,99.7
17.6,76.5,99.7
13.4,76.6,99.7
13.0,76.7,99.7
16.4,75.0,99.7
12.4,74.3,99.7
13.9,74.4,99.7
12.5,73.9,99.7
12.8,74.0,99.7
12.5,74.0,99.7
13.5,74.1,99.7
15.2,73.7,99.7
14.6,73.7,99.7
17.5,73.8,99.7
13.7,73.8,99.7
11.8,73.9,99.7
19.4,74.0,99.7
14.3,73.9,99.7
14.7,73.8,99.7
64.2,78.3,99.7
17.2,79.4,99.6
6.5,78.7,99.6
6.2,77.7,99.6
7.5,78.1,99.6
6.8,77.4,99.6
4.1,77.5,99.6
16.4,74.3,99.6
5.5,74.3,99.6
5.5,74.4,99.6
5.4,71.4,99.6
4.7,71.4,99.6
5.0,72.2,99.6
8.9,74.3,99.6
11.1,72.9,99.6
7.3,72.2,99.6
8.0,72.3,99.6
5.8,72.6,99.6
7.8,72.9,99.6
7.7,73.2,99.6
14.0,72.2,99.6
13.2,72.0,99.6
12.9,71.5,99.6
6.1,71.8,99.6
6.4,72.0,99.6
4.0,71.8,99.6
5.4,72.2,99.6
7.1,72.3,99.6
9.9,72.4,99.6
10.3,72.4,99.6
11.5,72.5,99.6
10.3,72.5,99.6
36.9,71.6,99.6
16.4,72.3,99.6
13.4,72.1,99.6
16.1,70.9,99.6
15.1,71.5,99.6
17.3,70.5,99.6
17.8,70.6,99.6
14.0,70.8,99.6
16.7,71.9,99.6
34.5,81.0,98.6
9.1,81.1,98.6
26.1,86.5,98.6,"{'bytes_sent': 411914007, 'bytes_recv': 9264343926, 'packets_sent': 2426503, 'packets_recv': 7212940, 'errin': 0, 'errout': 0, 'dropin': 51336, 'dropout': 0}",411914007,9264343926,2426503,7212940,0,0,51336,0
20.7,73.1,98.5,"{'bytes_sent': 549502972, 'bytes_recv': 11545009424, 'packets_sent': 3140494, 'packets_recv': 9105676, 'errin': 0, 'errout': 0, 'dropin': 61410, 'dropout': 0}",549502972,11545009424,3140494,9105676,0,0,61410,0
19.7,73.7,98.7
6.2,74.3,98.7
7.9,73.8,98.7
3.7,71.7,98.7
5.9,77.5,98.8
15.8,78.6,98.8
16.3,73.9,99.0
34.5,73.9,99.1
25.5,74.5,99.1
15.8,75.7,99.8
29.4,76.3,99.8
28.4,79.1,99.8
25.7,79.2,99.8
15.4,75.7,99.8
12.5,75.6,99.8
17.4,76.0,99.8
18.4,75.9,99.8
14.7,76.3,99.8
10.8,75.8,99.8
23.0,75.7,99.8
25.0,77.3,99.8
20.7,77.5,99.8
11.5,76.2,99.8
35.2,76.7,99.8
27.6,78.9,99.8
15.5,78.8,99.8
17.8,78.0,99.8
13.4,78.3,99.8
27.2,78.5,99.8
23.3,78.5,99.8
24.9,78.4,99.8
27.6,78.4,99.8
24.1,71.2,99.8
17.2,70.9,99.8
24.0,68.4,99.8
12.0,68.9,98.5
9.7,68.9,98.5
10.4,68.8,98.5
9.2,68.8,98.5
12.5,68.8,98.5
1776825912.6175103,0.0023,0.0,0.0,0.9599,0.9599,1.0,0.0,0.0,1.0,1.0,0.0,0.0,False
1776825914.8610353,0.0,0.0,0.0,0.9598,0.9598,1.0,0.0,0.0,1.0,1.0,0.0,0.0,False
1776825917.0609741,0.0,0.0,0.0,0.9599,0.9599,1.0,0.0,0.0,1.0,1.0,0.0,0.0,False
1776825919.2790241,0.0024,0.0,0.0,0.9599,0.9599,1.0,0.0,0.0,1.0,1.0,0.0,0.0,False
1776825921.4785087,0.0019,0.0,0.0,0.96,0.96,1.0,0.0,0.0,1.0,1.0,0.0,0.0,False
1776825923.6765254,0.0021,0.0,0.0,0.9599,0.9599,1.0,0.0,0.0,1.0,1.0,0.0,0.0,False
1776825925.8733532,0.0024,0.0,0.0,0.9599,0.9599,1.0,0.0,0.0,1.0,1.0,0.0,0.0,False
1776825928.0698514,0.001,0.0,0.0,0.9599,0.9599,1.0,0.0,0.0,1.0,1.0,0.0,0.0,False
1776825930.274627,0.0023,0.0,0.0,0.9599,0.9599,1.0,0.0,0.0,1.0,1.0,0.0,0.0,False
1776825932.4704177,0.0028,0.0,0.0,0.9599,0.9599,1.0,0.0,0.0,1.0,1.0,0.0,0.0,False
1776825935.3824193,0.0057,0.0,0.0,0.9594,0.9594,1.0,0.0,0.0,1.0,1.0,0.0,0.0,False
1776825937.5797982,0.0029,0.0,0.0,0.9593,0.9593,1.0,0.0,0.0,1.0,1.0,0.0,0.0,False
1776825939.779636,0.0026,0.0,0.0,0.9593,0.9593,1.0,0.0,0.0,1.0,1.0,0.0,0.0,False
1776825942.0018792,0.0025,0.0,0.0,0.9593,0.9593,1.0,0.0,0.0,1.0,1.0,0.0,0.0,False
1776825944.1977823,0.0018,0.0,0.0,0.9593,0.9593,1.0,0.0,0.0,1.0,1.0,0.0,0.0,False
1776825946.3968284,0.0022,0.0,0.0,0.9593,0.9593,1.0,0.0,0.0,1.0,1.0,0.0,0.0,False
1776825948.5945475,0.0018,0.0,0.0,0.9594,0.9594,1.0,0.0,0.0,1.0,1.0,0.0,0.0,False
1776825950.7945452,0.0028,0.0,0.0,0.9593,0.9593,1.0,0.0,0.0,1.0,1.0,0.0,0.0,False
1776825952.990301,0.0021,0.0,0.0,0.9593,0.9593,1.0,0.0,0.0,1.0,1.0,0.0,0.0,False
1776825955.186742,0.0022,0.0,0.0,0.9593,0.9593,1.0,0.0,0.0,1.0,1.0,0.0,0.0,False
1776825958.2947502,0.002,0.0,0.0,0.9592,0.9592,1.0,0.0,0.0,1.0,1.0,0.0,0.0,False
1776825960.4908874,0.0039,0.0,0.0,0.9592,0.9592,1.0,0.0,0.0,1.0,1.0,0.0,0.0,False
1776825962.6867082,0.004,0.0,0.0,0.9592,0.9592,1.0,0.0,0.0,1.0,1.0,0.0,0.0,False
1776825964.88571,0.0027,0.0,0.0,0.9593,0.9593,1.0,0.0,0.0,1.0,1.0,0.0,0.0,False
1776825967.0817897,0.0019,0.0,0.0,0.9592,0.9592,1.0,0.0,0.0,1.0,1.0,0.0,0.0,False
1776825969.2781436,0.0018,0.0,0.0,0.9592,0.9592,1.0,0.0,0.0,1.0,1.0,0.0,0.0,False
1776825971.4852746,0.0028,0.0,0.0,0.9593,0.9593,1.0,0.0,0.0,1.0,1.0,0.0,0.0,False
1776825973.683987,0.0022,0.0,0.0,0.9593,0.9593,1.0,0.0,0.0,1.0,1.0,0.0,0.0,False
1776825975.8808124,0.0018,0.0,0.0,0.9593,0.9593,1.0,0.0,0.0,1.0,1.0,0.0,0.0,False
1776825978.0774527,0.0024,0.0,0.0,0.9592,0.9592,1.0,0.0,0.0,1.0,1.0,0.0,0.0,False
1776825980.8867683,0.0011,0.0,0.0,0.9592,0.9592,1.0,0.0,0.0,1.0,1.0,0.0,0.0,False
1776825983.0820394,0.0024,0.0,0.0,0.9592,0.9592,1.0,0.0,0.0,1.0,1.0,0.0,0.0,False
1776825985.2800205,0.0023,0.0,0.0,0.9592,0.9592,1.0,0.0,0.0,1.0,1.0,0.0,0.0,False
1776825987.4778514,0.0022,0.0,0.0,0.9592,0.9592,1.0,0.0,0.0,1.0,1.0,0.0,0.0,False
1776825989.6755865,0.0019,0.0,0.0,0.9591,0.9591,1.0,0.0,0.0,1.0,1.0,0.0,0.0,False
1776825991.8735783,0.0023,0.0,0.0,0.9592,0.9592,1.0,0.0,0.0,1.0,1.0,0.0,0.0,False
1776825994.070086,0.0018,0.0,0.0,0.9592,0.9592,1.0,0.0,0.0,1.0,1.0,0.0,0.0,False
1776825996.2645712,0.0008,0.0,0.0,0.9592,0.9592,1.0,0.0,0.0,1.0,1.0,0.0,0.0,False
1776825998.4618366,0.0014,0.0,0.0,0.9591,0.9591,1.0,0.0,0.0,1.0,1.0,0.0,0.0,False
1776826000.6620624,0.0019,0.0,0.0,0.9591,0.9591,1.0,0.0,0.0,1.0,1.0,0.0,0.0,False
1776826003.4798179,0.0022,0.0,0.0,0.9592,0.9592,1.0,0.0,0.0,1.0,1.0,0.0,0.0,False
1776826005.680837,0.0022,0.0,0.0,0.9591,0.9591,1.0,0.0,0.0,1.0,1.0,0.0,0.0,False
1776826007.8804448,0.0034,0.0,0.0,0.9591,0.9591,1.0,0.0,0.0,1.0,1.0,0.0,0.0,False
1776826010.0769632,0.0019,0.0,0.0,0.9591,0.9591,1.0,0.0,0.0,1.0,1.0,0.0,0.0,False
1776826012.2740314,0.0013,0.0,0.0,0.9591,0.9591,1.0,0.0,0.0,1.0,1.0,0.0,0.0,False
1776826014.4744256,0.002,0.0,0.0,0.9592,0.9592,1.0,0.0,0.0,1.0,1.0,0.0,0.0,False
1776826016.6714935,0.0013,0.0,0.0,0.9592,0.9592,1.0,0.0,0.0,1.0,1.0,0.0,0.0,False
1776826018.8679218,0.0023,0.0,0.0,0.9592,0.9592,1.0,0.0,0.0,1.0,1.0,0.0,0.0,False
1776826021.0657635,0.0022,0.0,0.0,0.9591,0.9591,1.0,0.0,0.0,1.0,1.0,0.0,0.0,False
1776826023.26285,0.0024,0.0,0.0,0.9592,0.9592,1.0,0.0,0.0,1.0,1.0,0.0,0.0,False
1776826026.0664952,0.0017,0.0,0.0,0.9592,0.9592,1.0,0.0,0.0,1.0,1.0,0.0,0.0,False
1776826028.2632673,0.0014,0.0,0.0,0.9591,0.9591,1.0,0.0,0.0,1.0,1.0,0.0,0.0,False
1776826030.4613678,0.0019,0.0,0.0,0.9592,0.9592,1.0,0.0,0.0,1.0,1.0,0.0,0.0,False
1776826032.6584282,0.0018,0.0,0.0,0.9592,0.9592,1.0,0.0,0.0,1.0,1.0,0.0,0.0,False
1776826034.860932,0.0018,0.0,0.0,0.9592,0.9592,1.0,0.0,0.0,1.0,1.0,0.0,0.0,False
1776826037.0599751,0.0018,0.0,0.0,0.9591,0.9591,1.0,0.0,0.0,1.0,1.0,0.0,0.0,False
1776826039.258048,0.0025,0.0,0.0,0.9592,0.9592,1.0,0.0,0.0,1.0,1.0,0.0,0.0,False
1776826041.4573762,0.0009,0.0,0.0,0.9592,0.9592,1.0,0.0,0.0,1.0,1.0,0.0,0.0,False
1776826043.6557944,0.0017,0.0,0.0,0.9591,0.9591,1.0,0.0,0.0,1.0,1.0,0.0,0.0,False
1776826045.850979,0.0021,0.0,0.0,0.9591,0.9591,1.0,0.0,0.0,1.0,1.0,0.0,0.0,False
1776826048.6528332,0.0022,0.0,0.0,0.9591,0.9591,1.0,0.0,0.0,1.0,1.0,0.0,0.0,False
1776826050.8483262,0.0022,0.0,0.0,0.9591,0.9591,1.0,0.0,0.0,1.0,1.0,0.0,0.0,False
1776826053.05182,0.0019,0.0,0.0,0.9591,0.9591,1.0,0.0,0.0,1.0,1.0,0.0,0.0,False
1776826055.2490528,0.0025,0.0,0.0,0.9591,0.9591,1.0,0.0,0.0,1.0,1.0,0.0,0.0,False
1776826057.4483175,0.0009,0.0,0.0,0.9591,0.9591,1.0,0.0,0.0,1.0,1.0,0.0,0.0,False
1776826059.6450999,0.0014,0.0,0.0,0.9591,0.9591,1.0,0.0,0.0,1.0,1.0,0.0,0.0,False
1776826061.840592,0.0032,0.0,0.0,0.9591,0.9591,1.0,0.0,0.0,1.0,1.0,0.0,0.0,False
1776826064.0409946,0.002,0.0,0.0,0.9591,0.9591,1.0,0.0,0.0,1.0,1.0,0.0,0.0,False
1776826066.237947,0.0023,0.0,0.0,0.9593,0.9593,1.0,0.0,0.0,1.0,1.0,0.0,0.0,False
1776826068.4371567,0.0019,0.0,0.0,0.9593,0.9593,1.0,0.0,0.0,1.0,1.0,0.0,0.0,False
1776826071.2966974,0.0018,0.0,0.0,0.9592,0.9592,1.0,0.0,0.0,1.0,1.0,0.0,0.0,False
1776826073.4958508,0.0023,0.0,0.0,0.9592,0.9592,1.0,0.0,0.0,1.0,1.0,0.0,0.0,False
1776826075.700843,0.0033,0.0,0.0,0.9592,0.9592,1.0,0.0,0.0,1.0,1.0,0.0,0.0,False
1776826077.8986013,0.002,0.0,0.0,0.9592,0.9592,1.0,0.0,0.0,1.0,1.0,0.0,0.0,False
1776826080.1056914,0.0029,0.0,0.0,0.9591,0.9591,1.0,0.0,0.0,1.0,1.0,0.0,0.0,False
1776826082.3051999,0.0053,0.0,0.0,0.9591,0.9591,1.0,0.0,0.0,1.0,1.0,0.0,0.0,False
1776826084.5030158,0.0036,0.0,0.0,0.9591,0.9591,1.0,0.0,0.0,1.0,1.0,0.0,0.0,False
1776826086.7001104,0.0017,0.0,0.0,0.9591,0.9591,1.0,0.0,0.0,1.0,1.0,0.0,0.0,False
1776826088.9016786,0.0026,0.0,0.0,0.9591,0.9591,1.0,0.0,0.0,1.0,1.0,0.0,0.0,False
1776826091.1247993,0.0024,0.0,0.0,0.9592,0.9592,1.0,0.0,0.0,1.0,1.0,0.0,0.0,False
1776826093.9535997,0.0023,0.0,0.0,0.9591,0.9591,1.0,0.0,0.0,1.0,1.0,0.0,0.0,False
1776826096.1516569,0.0021,0.0,0.0,0.9591,0.9591,1.0,0.0,0.0,1.0,1.0,0.0,0.0,False
1776826098.3553927,0.0028,0.0,0.0,0.9591,0.9591,1.0,0.0,0.0,1.0,1.0,0.0,0.0,False
1776826100.5573552,0.0021,0.0,0.0,0.9591,0.9591,1.0,0.0,0.0,1.0,1.0,0.0,0.0,False
1776826102.764187,0.0035,0.0,0.0,0.9591,0.9591,1.0,0.0,0.0,1.0,1.0,0.0,0.0,False
1776826104.9695113,0.0011,0.0,0.0,0.9591,0.9591,1.0,0.0,0.0,1.0,1.0,0.0,0.0,False
1776826107.1758525,0.0023,0.0,0.0,0.9592,0.9592,1.0,0.0,0.0,1.0,1.0,0.0,0.0,False
1776826109.4088087,0.0028,0.0,0.0,0.9591,0.9591,1.0,0.0,0.0,1.0,1.0,0.0,0.0,False
1776826111.6196918,0.0018,0.0,0.0,0.9591,0.9591,1.0,0.0,0.0,1.0,1.0,0.0,0.0,False
1776826113.8396347,0.0021,0.0,0.0,0.9591,0.9591,1.0,0.0,0.0,1.0,1.0,0.0,0.0,False
1776826116.6766894,0.0018,0.0,0.0,0.9592,0.9592,1.0,0.0,0.0,1.0,1.0,0.0,0.0,False
1776826118.8736367,0.0019,0.0,0.0,0.9592,0.9592,1.0,0.0,0.0,1.0,1.0,0.0,0.0,False
1776826121.0780017,0.0,0.0,0.0,0.9592,0.9592,1.0,0.0,0.0,1.0,1.0,0.0,0.0,False
1776826123.274983,0.0034,0.0,0.0,0.9592,0.9592,1.0,0.0,0.0,1.0,1.0,0.0,0.0,False
1776826125.5487015,0.001,0.0,0.0,0.9592,0.9592,1.0,0.0,0.0,1.0,1.0,0.0,0.0,False
1776826127.755511,0.0022,0.0,0.0,0.9592,0.9592,1.0,0.0,0.0,1.0,1.0,0.0,0.0,False
1776826129.959869,0.0023,0.0,0.0,0.9599,0.9599,1.0,0.0,0.0,1.0,1.0,0.0,0.0,False
1776826132.1626475,0.0015,0.0,0.0,0.9599,0.9599,1.0,0.0,0.0,1.0,1.0,0.0,0.0,False
1776826134.364092,0.0031,0.0,0.0,0.9599,0.9599,1.0,0.0,0.0,1.0,1.0,0.0,0.0,False
1776826136.5631247,0.0016,0.0,0.0,0.9599,0.9599,1.0,0.0,0.0,1.0,1.0,0.0,0.0,False
1776826139.399734,0.0025,0.0,0.0,0.9599,0.9599,1.0,0.0,0.0,1.0,1.0,0.0,0.0,False
1776826141.6048083,0.0015,0.0,0.0,0.9599,0.9599,1.0,0.0,0.0,1.0,1.0,0.0,0.0,False
1776826143.801434,0.0014,0.0,0.0,0.9599,0.9599,1.0,0.0,0.0,1.0,1.0,0.0,0.0,False
1776826146.006037,0.0021,0.0,0.0,0.96,0.96,1.0,0.0,0.0,1.0,1.0,0.0,0.0,False
1776826148.20902,0.0011,0.0,0.0,0.96,0.96,1.0,0.0,0.0,1.0,1.0,0.0,0.0,False
1776826150.4101202,0.0023,0.0,0.0,0.9599,0.9599,1.0,0.0,0.0,1.0,1.0,0.0,0.0,False
1776826152.6330771,0.0,0.0,0.0,0.96,0.96,1.0,0.0,0.0,1.0,1.0,0.0,0.0,False
1776826154.8569636,0.0021,0.0,0.0,0.9599,0.9599,1.0,0.0,0.0,1.0,1.0,0.0,0.0,False
1776826157.055873,0.0021,0.0,0.0,0.96,0.96,1.0,0.0,0.0,1.0,1.0,0.0,0.0,False
1776826159.2561014,0.0013,0.0,0.0,0.96,0.96,1.0,0.0,0.0,1.0,1.0,0.0,0.0,False
1776826162.093633,0.004,0.0,0.0,0.9599,0.9599,1.0,0.0,0.0,1.0,1.0,0.0,0.0,False
1776826164.293996,0.0029,0.0,0.0,0.9599,0.9599,1.0,0.0,0.0,1.0,1.0,0.0,0.0,False
1776826166.497782,0.002,0.0,0.0,0.9598,0.9598,1.0,0.0,0.0,1.0,1.0,0.0,0.0,False
1776826168.6939502,0.0034,0.0,0.0,0.9599,0.9599,1.0,0.0,0.0,1.0,1.0,0.0,0.0,False
1776826170.8940916,0.002,0.0,0.0,0.9599,0.9599,1.0,0.0,0.0,1.0,1.0,0.0,0.0,False
1776826173.0946562,0.0014,0.0,0.0,0.9599,0.9599,1.0,0.0,0.0,1.0,1.0,0.0,0.0,False
1776826175.295969,0.0009,0.0,0.0,0.96,0.96,1.0,0.0,0.0,1.0,1.0,0.0,0.0,False
1776826179.6493843,0.0018,0.0,0.0,0.96,0.96,1.0,0.0,0.0,1.0,1.0,0.0,0.0,False
1776826181.853952,0.0042,0.0,0.0,0.9599,0.9599,1.0,0.0,0.0,1.0,1.0,0.0,0.0,False
1776826184.051971,0.001,0.0,0.0,0.9599,0.9599,1.0,0.0,0.0,1.0,1.0,0.0,0.0,False
1776826186.8850567,0.0025,0.0,0.0,0.9599,0.9599,1.0,0.0,0.0,1.0,1.0,0.0,0.0,False
1776826189.0871434,0.0022,0.0,0.0,0.96,0.96,1.0,0.0,0.0,1.0,1.0,0.0,0.0,False
1776826191.2955472,0.0031,0.0,0.0,0.96,0.96,1.0,0.0,0.0,1.0,1.0,0.0,0.0,False
1776826193.502854,0.0017,0.0,0.0,0.96,0.96,1.0,0.0,0.0,1.0,1.0,0.0,0.0,False
1776826195.7103996,0.0019,0.0,0.0,0.9599,0.9599,1.0,0.0,0.0,1.0,1.0,0.0,0.0,False
1776826197.93267,0.0015,0.0,0.0,0.9599,0.9599,1.0,0.0,0.0,1.0,1.0,0.0,0.0,False
1776826200.1745856,0.0666,0.0,0.0,0.9598,0.9598,1.0,0.0,0.0,1.0,1.0,0.0,0.0,False
1776826202.3864021,0.0051,0.0,0.0,0.9599,0.9599,1.0,0.0,0.0,1.0,1.0,0.0,0.0,False
1776826204.607042,0.0037,0.0,0.0,0.96,0.96,1.0,0.0,0.0,1.0,1.0,0.0,0.0,False
1776826206.8246083,0.0011,0.0,0.0,0.96,0.96,1.0,0.0,0.0,1.0,1.0,0.0,0.0,False
1776826209.7135386,0.0023,0.0,0.0,0.9599,0.9599,1.0,0.0,0.0,1.0,1.0,0.0,0.0,False
1776826211.9786537,0.0018,0.0,0.0,0.9599,0.9599,1.0,0.0,0.0,1.0,1.0,0.0,0.0,False
1776826214.1933153,0.0014,0.0,0.0,0.96,0.96,1.0,0.0,0.0,1.0,1.0,0.0,0.0,False
1776826216.3964088,0.001,0.0,0.0,0.96,0.96,1.0,0.0,0.0,1.0,1.0,0.0,0.0,False
1776826218.599097,0.003,0.0,0.0,0.9599,0.9599,1.0,0.0,0.0,1.0,1.0,0.0,0.0,False
1776826220.80585,0.0025,0.0,0.0,0.9599,0.9599,1.0,0.0,0.0,1.0,1.0,0.0,0.0,False
1776826223.026569,0.0092,0.0,0.0,0.9599,0.9599,1.0,0.0,0.0,1.0,1.0,0.0,0.0,False
1776826225.2309105,0.0008,0.0,0.0,0.9599,0.9599,1.0,0.0,0.0,1.0,1.0,0.0,0.0,False
1776826227.4307094,0.0,0.0,0.0,0.9599,0.9599,1.0,0.0,0.0,1.0,1.0,0.0,0.0,False
1776826229.6357281,0.0034,0.0,0.0,0.9599,0.9599,1.0,0.0,0.0,1.0,1.0,0.0,0.0,False
1776826232.4613664,0.0008,0.0,0.0,0.9598,0.9598,1.0,0.0,0.0,1.0,1.0,0.0,0.0,False
1776826234.6620574,0.0007,0.0,0.0,0.96,0.96,1.0,0.0,0.0,1.0,1.0,0.0,0.0,False
1776826236.8633425,0.0009,0.0,0.0,0.9599,0.9599,1.0,0.0,0.0,1.0,1.0,0.0,0.0,False
1776826239.0696092,0.0015,0.0,0.0,0.9599,0.9599,1.0,0.0,0.0,1.0,1.0,0.0,0.0,False
1776826241.273214,0.0021,0.0,0.0,0.9598,0.9598,1.0,0.0,0.0,1.0,1.0,0.0,0.0,False
1776826243.4778326,0.003,0.0,0.0,0.9598,0.9598,1.0,0.0,0.0,1.0,1.0,0.0,0.0,False
1776826245.7493575,0.0032,0.0,0.0,0.9599,0.9599,1.0,0.0,0.0,1.0,1.0,0.0,0.0,False
1776826247.9817476,0.0058,0.0,0.0,0.96,0.96,1.0,0.0,0.0,1.0,1.0,0.0,0.0,False
1776826250.1810725,0.0009,0.0,0.0,0.96,0.96,1.0,0.0,0.0,1.0,1.0,0.0,0.0,False
1776826252.3777444,0.0016,0.0,0.0,0.9599,0.9599,1.0,0.0,0.0,1.0,1.0,0.0,0.0,False
1776826255.2074022,0.0041,0.0,0.0,0.96,0.96,1.0,0.0,0.0,1.0,1.0,0.0,0.0,False
1776826257.4048274,0.0025,0.0,0.0,0.9599,0.9599,1.0,0.0,0.0,1.0,1.0,0.0,0.0,False
1776826259.6071575,0.0028,0.0,0.0,0.96,0.96,1.0,0.0,0.0,1.0,1.0,0.0,0.0,False
1776826261.8212948,0.0009,0.0,0.0,0.9599,0.9599,1.0,0.0,0.0,1.0,1.0,0.0,0.0,False
1776826264.0219824,0.0015,0.0,0.0,0.96,0.96,1.0,0.0,0.0,1.0,1.0,0.0,0.0,False
1776826266.2209287,0.002,0.0,0.0,0.96,0.96,1.0,0.0,0.0,1.0,1.0,0.0,0.0,False
1776826268.4169853,0.0013,0.0,0.0,0.96,0.96,1.0,0.0,0.0,1.0,1.0,0.0,0.0,False
1776826270.6191819,0.0021,0.0,0.0,0.96,0.96,1.0,0.0,0.0,1.0,1.0,0.0,0.0,False
1776826272.8155863,0.0007,0.0,0.0,0.96,0.96,1.0,0.0,0.0,1.0,1.0,0.0,0.0,False
1776826275.0148401,0.0015,0.0,0.0,0.96,0.96,1.0,0.0,0.0,1.0,1.0,0.0,0.0,False
1776826277.8267214,0.0014,0.0,0.0,0.9599,0.9599,1.0,0.0,0.0,1.0,1.0,0.0,0.0,False
1776826280.0311885,0.0019,0.0,0.0,0.96,0.96,1.0,0.0,0.0,1.0,1.0,0.0,0.0,False
1776826282.2333224,0.0029,0.0,0.0,0.96,0.96,1.0,0.0,0.0,1.0,1.0,0.0,0.0,False
1776826284.4331536,0.002,0.0,0.0,0.96,0.96,1.0,0.0,0.0,1.0,1.0,0.0,0.0,False
1776826286.633955,0.0012,0.0,0.0,0.9599,0.9599,1.0,0.0,0.0,1.0,1.0,0.0,0.0,False
1776826288.8323727,0.0011,0.0,0.0,0.9599,0.9599,1.0,0.0,0.0,1.0,1.0,0.0,0.0,False
1776826291.0324461,0.012,0.0,0.0,0.9599,0.9599,1.0,0.0,0.0,1.0,1.0,0.0,0.0,False
1776826293.267753,0.0018,0.0,0.0,0.9599,0.9599,1.0,0.0,0.0,1.0,1.0,0.0,0.0,False
1776826295.4684575,0.0011,0.0,0.0,0.96,0.96,1.0,0.0,0.0,1.0,1.0,0.0,0.0,False
1776826297.6770515,0.002,0.0,0.0,0.96,0.96,1.0,0.0,0.0,1.0,1.0,0.0,0.0,False
1776826300.5541966,0.0028,0.0,0.0,0.96,0.96,1.0,0.0,0.0,1.0,1.0,0.0,0.0,False
1776826302.7717977,0.0034,0.0,0.0,0.96,0.96,1.0,0.0,0.0,1.0,1.0,0.0,0.0,False
1776826304.9844499,0.0012,0.0,0.0,0.96,0.96,1.0,0.0,0.0,1.0,1.0,0.0,0.0,False
1776826307.2003849,0.0028,0.0,0.0,0.9599,0.9599,1.0,0.0,0.0,1.0,1.0,0.0,0.0,False
1776826309.4028497,0.001,0.0,0.0,0.96,0.96,1.0,0.0,0.0,1.0,1.0,0.0,0.0,False
1776826311.6104558,0.0014,0.0,0.0,0.96,0.96,1.0,0.0,0.0,1.0,1.0,0.0,0.0,False
1776826313.8168895,0.0013,0.0,0.0,0.9599,0.9599,1.0,0.0,0.0,1.0,1.0,0.0,0.0,False
1776826316.023252,0.0028,0.0,0.0,0.9599,0.9599,1.0,0.0,0.0,1.0,1.0,0.0,0.0,False
1776826318.2250195,0.0011,0.0,0.0,0.9601,0.9601,1.0,0.0,0.0,1.0,1.0,0.0,0.0,False
1776826320.425788,0.0029,0.0,0.0,0.96,0.96,1.0,0.0,0.0,1.0,1.0,0.0,0.0,False
1776826323.2345076,0.0024,0.0,0.0,0.9601,0.9601,1.0,0.0,0.0,1.0,1.0,0.0,0.0,False
1776826325.4326823,0.0008,0.0,0.0,0.9601,0.9601,1.0,0.0,0.0,1.0,1.0,0.0,0.0,False
1776826327.6369948,0.003,0.0,0.0,0.96,0.96,1.0,0.0,0.0,1.0,1.0,0.0,0.0,False
1776826329.8549025,0.001,0.0,0.0,0.96,0.96,1.0,0.0,0.0,1.0,1.0,0.0,0.0,False
1776826332.0679948,0.001,0.0,0.0,0.96,0.96,1.0,0.0,0.0,1.0,1.0,0.0,0.0,False
1776826334.282219,0.0036,0.0,0.0,0.96,0.96,1.0,0.0,0.0,1.0,1.0,0.0,0.0,False
1776826336.4800916,0.0019,0.0,0.0,0.96,0.96,1.0,0.0,0.0,1.0,1.0,0.0,0.0,False
1776826338.6806498,0.003,0.0,0.0,0.96,0.96,1.0,0.0,0.0,1.0,1.0,0.0,0.0,False
1776826340.8802035,0.0013,0.0,0.0,0.96,0.96,1.0,0.0,0.0,1.0,1.0,0.0,0.0,False
1776826343.0825908,0.0021,0.0,0.0,0.96,0.96,1.0,0.0,0.0,1.0,1.0,0.0,0.0,False
1776826345.8956628,0.0021,0.0,0.0,0.96,0.96,1.0,0.0,0.0,1.0,1.0,0.0,0.0,False
1776826348.0936582,0.0016,0.0,0.0,0.96,0.96,1.0,0.0,0.0,1.0,1.0,0.0,0.0,False
1776826350.2908933,0.0015,0.0,0.0,0.96,0.96,1.0,0.0,0.0,1.0,1.0,0.0,0.0,False
1776826352.5314465,0.0022,0.0,0.0,0.96,0.96,1.0,0.0,0.0,1.0,1.0,0.0,0.0,False
1776826354.7516642,0.0009,0.0,0.0,0.9601,0.9601,1.0,0.0,0.0,1.0,1.0,0.0,0.0,False
1776826356.9597921,0.0021,0.0,0.0,0.96,0.96,1.0,0.0,0.0,1.0,1.0,0.0,0.0,False
1776826359.2207232,0.0033,0.0,0.0,0.96,0.96,1.0,0.0,0.0,1.0,1.0,0.0,0.0,False
1776826361.457154,0.004,0.0,0.0,0.96,0.96,1.0,0.0,0.0,1.0,1.0,0.0,0.0,False
1776826363.6674724,0.003,0.0,0.0,0.96,0.96,1.0,0.0,0.0,1.0,1.0,0.0,0.0,False
1776826365.8905246,0.003,0.0,0.0,0.96,0.96,1.0,0.0,0.0,1.0,1.0,0.0,0.0,False
1776826368.968856,0.0027,0.0,0.0,0.96,0.96,1.0,0.0,0.0,1.0,1.0,0.0,0.0,False
1776826371.1854692,0.0027,0.0,0.0,0.96,0.96,1.0,0.0,0.0,1.0,1.0,0.0,0.0,False
1776826373.4134848,0.0031,0.0,0.0,0.9599,0.9599,1.0,0.0,0.0,1.0,1.0,0.0,0.0,False
1776826375.627688,0.0037,0.0,0.0,0.96,0.96,1.0,0.0,0.0,1.0,1.0,0.0,0.0,False
1776826377.8450444,0.0012,0.0,0.0,0.96,0.96,1.0,0.0,0.0,1.0,1.0,0.0,0.0,False
1776826380.0512357,0.0034,0.0,0.0,0.96,0.96,1.0,0.0,0.0,1.0,1.0,0.0,0.0,False
1776826382.271412,0.0022,0.0,0.0,0.96,0.96,1.0,0.0,0.0,1.0,1.0,0.0,0.0,False
1776826384.471384,0.0016,0.0,0.0,0.9601,0.9601,1.0,0.0,0.0,1.0,1.0,0.0,0.0,False
1776826386.6882255,0.0007,0.0,0.0,0.96,0.96,1.0,0.0,0.0,1.0,1.0,0.0,0.0,False
1776826388.8934622,0.0015,0.0,0.0,0.9599,0.9599,1.0,0.0,0.0,1.0,1.0,0.0,0.0,False
1776826391.7461667,0.0007,0.0,0.0,0.96,0.96,1.0,0.0,0.0,1.0,1.0,0.0,0.0,False
1776826393.9443963,0.0018,0.0,0.0,0.96,0.96,1.0,0.0,0.0,1.0,1.0,0.0,0.0,False
1776826396.145817,0.0024,0.0,0.0,0.96,0.96,1.0,0.0,0.0,1.0,1.0,0.0,0.0,False
1776826398.350761,0.0014,0.0,0.0,0.96,0.96,1.0,0.0,0.0,1.0,1.0,0.0,0.0,False
1776826400.5533717,0.0011,0.0,0.0,0.96,0.96,1.0,0.0,0.0,1.0,1.0,0.0,0.0,False
1776826402.7518253,0.0022,0.0,0.0,0.9599,0.9599,1.0,0.0,0.0,1.0,1.0,0.0,0.0,False
1776826404.951199,0.0012,0.0,0.0,0.96,0.96,1.0,0.0,0.0,1.0,1.0,0.0,0.0,False
1776826407.1526039,0.0025,0.0,0.0,0.96,0.96,1.0,0.0,0.0,1.0,1.0,0.0,0.0,False
1776826409.3796003,0.0033,0.0,0.0,0.9599,0.9599,1.0,0.0,0.0,1.0,1.0,0.0,0.0,False
1776826411.585204,0.0013,0.0,0.0,0.9599,0.9599,1.0,0.0,0.0,1.0,1.0,0.0,0.0,False
1776826414.4364598,0.0011,0.0,0.0,0.96,0.96,1.0,0.0,0.0,1.0,1.0,0.0,0.0,False
1776826416.6751652,0.001,0.0,0.0,0.96,0.96,1.0,0.0,0.0,1.0,1.0,0.0,0.0,False
1776826418.8859508,0.0034,0.0,0.0,0.96,0.96,1.0,0.0,0.0,1.0,1.0,0.0,0.0,False
1776826421.095063,0.0014,0.0,0.0,0.96,0.96,1.0,0.0,0.0,1.0,1.0,0.0,0.0,False
1776826423.3708878,0.0045,0.0,0.0,0.96,0.96,1.0,0.0,0.0,1.0,1.0,0.0,0.0,False
1776826425.7238064,0.0032,0.0,0.0,0.96,0.96,1.0,0.0,0.0,1.0,1.0,0.0,0.0,False
1776826427.9451125,0.0023,0.0,0.0,0.9599,0.9599,1.0,0.0,0.0,1.0,1.0,0.0,0.0,False
1776826430.148948,0.0009,0.0,0.0,0.9599,0.9599,1.0,0.0,0.0,1.0,1.0,0.0,0.0,False
1776826432.3558385,0.003,0.0,0.0,0.9599,0.9599,1.0,0.0,0.0,1.0,1.0,0.0,0.0,False
1776826434.560229,0.0033,0.0,0.0,0.96,0.96,1.0,0.0,0.0,1.0,1.0,0.0,0.0,False
1776826437.3874543,0.0015,0.0,0.0,0.9599,0.9599,1.0,0.0,0.0,1.0,1.0,0.0,0.0,False
1776826439.5933993,0.0007,0.0,0.0,0.96,0.96,1.0,0.0,0.0,1.0,1.0,0.0,0.0,False
1776826441.7974916,0.0011,0.0,0.0,0.9599,0.9599,1.0,0.0,0.0,1.0,1.0,0.0,0.0,False
1776826444.0088396,0.0043,0.0,0.0,0.9599,0.9599,1.0,0.0,0.0,1.0,1.0,0.0,0.0,False
1776826446.2117357,0.0017,0.0,0.0,0.96,0.96,1.0,0.0,0.0,1.0,1.0,0.0,0.0,False
1776826448.5168192,0.005,0.0,0.0,0.96,0.96,1.0,0.0,0.0,1.0,1.0,0.0,0.0,False
1776826450.729702,0.0035,0.0,0.0,0.96,0.96,1.0,0.0,0.0,1.0,1.0,0.0,0.0,False
1776826452.9369621,0.0013,0.0,0.0,0.96,0.96,1.0,0.0,0.0,1.0,1.0,0.0,0.0,False
1776826455.137731,0.0005,0.0,0.0,0.96,0.96,1.0,0.0,0.0,1.0,1.0,0.0,0.0,False
1776826457.3424485,0.0008,0.0,0.0,0.96,0.96,1.0,0.0,0.0,1.0,1.0,0.0,0.0,False
1776826460.1503978,0.0018,0.0,0.0,0.9599,0.9599,1.0,0.0,0.0,1.0,1.0,0.0,0.0,False
1776826462.3636234,0.0016,0.0,0.0,0.96,0.96,1.0,0.0,0.0,1.0,1.0,0.0,0.0,False
1776826464.5609925,0.0021,0.0,0.0,0.96,0.96,1.0,0.0,0.0,1.0,1.0,0.0,0.0,False
1776826466.7638104,0.0025,0.0,0.0,0.96,0.96,1.0,0.0,0.0,1.0,1.0,0.0,0.0,False
1776826468.9698796,0.0022,0.0,0.0,0.9599,0.9599,1.0,0.0,0.0,1.0,1.0,0.0,0.0,False
1776826471.169857,0.0016,0.0,0.0,0.9599,0.9599,1.0,0.0,0.0,1.0,1.0,0.0,0.0,False
1776826473.3708556,0.0011,0.0,0.0,0.9599,0.9599,1.0,0.0,0.0,1.0,1.0,0.0,0.0,False
1776826475.5760393,0.0016,0.0,0.0,0.96,0.96,1.0,0.0,0.0,1.0,1.0,0.0,0.0,False
1776826477.8038611,0.0011,0.0,0.0,0.96,0.96,1.0,0.0,0.0,1.0,1.0,0.0,0.0,False
1776826480.0135462,0.0023,0.0,0.0,0.96,0.96,1.0,0.0,0.0,1.0,1.0,0.0,0.0,False
1776826482.8797503,0.0013,0.0,0.0,0.96,0.96,1.0,0.0,0.0,1.0,1.0,0.0,0.0,False
1776826485.0889716,0.0024,0.0,0.0,0.96,0.96,1.0,0.0,0.0,1.0,1.0,0.0,0.0,False
1776826487.3014212,0.0016,0.0,0.0,0.9599,0.9599,1.0,0.0,0.0,1.0,1.0,0.0,0.0,False
1776826489.5061057,0.0018,0.0,0.0,0.96,0.96,1.0,0.0,0.0,1.0,1.0,0.0,0.0,False
1776826491.7119741,0.0023,0.0,0.0,0.96,0.96,1.0,0.0,0.0,1.0,1.0,0.0,0.0,False
1776826493.9277985,0.003,0.0,0.0,0.9598,0.9598,1.0,0.0,0.0,1.0,1.0,0.0,0.0,False
1776826496.2241197,0.0034,0.0,0.0,0.96,0.96,1.0,0.0,0.0,1.0,1.0,0.0,0.0,False
1776826497.350446,0.0024,0.0,0.0,0.96,0.96,1.0,0.0,0.0,1.0,1.0,0.0,0.0,False
1776826498.4268258,0.0032,0.0,0.0,0.9599,0.9599,1.0,0.0,0.0,1.0,1.0,0.0,0.0,False
1776826499.5619233,0.0019,0.0,0.0,0.9599,0.9599,1.0,0.0,0.0,1.0,1.0,0.0,0.0,False
1776826500.6397421,0.0016,0.0,0.0,0.9599,0.9599,1.0,0.0,0.0,1.0,1.0,0.0,0.0,False
1776826501.7595315,0.0033,0.0,0.0,0.9598,0.9598,1.0,0.0,0.0,1.0,1.0,0.0,0.0,False
1776826502.8408139,0.003,0.0,0.0,0.9599,0.9599,1.0,0.0,0.0,1.0,1.0,0.0,0.0,False
1776826503.960834,0.001,0.0,0.0,0.9599,0.9599,1.0,0.0,0.0,1.0,1.0,0.0,0.0,False
1776826505.6800199,0.0013,0.0,0.0,0.96,0.96,1.0,0.0,0.0,1.0,1.0,0.0,0.0,False
1776826507.880125,0.0019,0.0,0.0,0.9599,0.9599,1.0,0.0,0.0,1.0,1.0,0.0,0.0,False
1776826510.0803924,0.0011,0.0,0.0,0.9599,0.9599,1.0,0.0,0.0,1.0,1.0,0.0,0.0,False
1776826512.2804506,0.0021,0.0,0.0,0.9599,0.9599,1.0,0.0,0.0,1.0,1.0,0.0,0.0,False
1776826514.4848325,0.0015,0.0,0.0,0.9599,0.9599,1.0,0.0,0.0,1.0,1.0,0.0,0.0,False
1776826516.7097423,0.0101,0.0,0.0,0.9599,0.9599,1.0,0.0,0.0,1.0,1.0,0.0,0.0,False
1776826518.9191117,0.0024,0.0,0.0,0.9599,0.9599,1.0,0.0,0.0,1.0,1.0,0.0,0.0,False
1776826521.1422067,0.0013,0.0,0.0,0.9599,0.9599,1.0,0.0,0.0,1.0,1.0,0.0,0.0,False
1776826523.3665748,0.0021,0.0,0.0,0.9599,0.9599,1.0,0.0,0.0,1.0,1.0,0.0,0.0,False
1776826525.570197,0.0018,0.0,0.0,0.9599,0.9599,1.0,0.0,0.0,1.0,1.0,0.0,0.0,False
1776826528.4446206,0.0058,0.0,0.0,0.9599,0.9599,1.0,0.0,0.0,1.0,1.0,0.0,0.0,False
1776826530.7286987,0.0,0.0,0.0,0.9597,0.9597,1.0,0.0,0.0,1.0,1.0,0.0,0.0,False
1776826532.9435241,0.0042,0.0,0.0,0.9598,0.9598,1.0,0.0,0.0,1.0,1.0,0.0,0.0,False
1776826535.1458058,0.0022,0.0,0.0,0.9598,0.9598,1.0,0.0,0.0,1.0,1.0,0.0,0.0,False
1776826537.3620496,0.0013,0.0,0.0,0.9598,0.9598,1.0,0.0,0.0,1.0,1.0,0.0,0.0,False
1776826539.5617487,0.0006,0.0,0.0,0.9598,0.9598,1.0,0.0,0.0,1.0,1.0,0.0,0.0,False
1776826541.7628732,0.001,0.0,0.0,0.9598,0.9598,1.0,0.0,0.0,1.0,1.0,0.0,0.0,False
1776826543.9659414,0.0024,0.0,0.0,0.9597,0.9597,1.0,0.0,0.0,1.0,1.0,0.0,0.0,False
1776826546.182173,0.0012,0.0,0.0,0.9598,0.9598,1.0,0.0,0.0,1.0,1.0,0.0,0.0,False
1776826548.405611,0.0027,0.0,0.0,0.9598,0.9598,1.0,0.0,0.0,1.0,1.0,0.0,0.0,False
1776826551.2283363,0.0012,0.0,0.0,0.9598,0.9598,1.0,0.0,0.0,1.0,1.0,0.0,0.0,False
1776826553.4314303,0.0025,0.0,0.0,0.9598,0.9598,1.0,0.0,0.0,1.0,1.0,0.0,0.0,False
1776826555.6384358,0.0027,0.0,0.0,0.9598,0.9598,1.0,0.0,0.0,1.0,1.0,0.0,0.0,False
1776826557.8709025,0.0011,0.0,0.0,0.9598,0.9598,1.0,0.0,0.0,1.0,1.0,0.0,0.0,False
1776826560.0956812,0.0037,0.0,0.0,0.9597,0.9597,1.0,0.0,0.0,1.0,1.0,0.0,0.0,False
1776826562.3744864,0.0021,0.0,0.0,0.9596,0.9596,1.0,0.0,0.0,1.0,1.0,0.0,0.0,False
1776826564.607234,0.0043,0.0,0.0,0.9597,0.9597,1.0,0.0,0.0,1.0,1.0,0.0,0.0,False
1776826566.9351566,0.0015,0.0,0.0,0.9598,0.9598,1.0,0.0,0.0,1.0,1.0,0.0,0.0,False
1776826569.1399713,0.0018,0.0,0.0,0.9597,0.9597,1.0,0.0,0.0,1.0,1.0,0.0,0.0,False
1776826571.348415,0.0032,0.0,0.0,0.9597,0.9597,1.0,0.0,0.0,1.0,1.0,0.0,0.0,False
1776826574.2040582,0.0032,0.0,0.0,0.9596,0.9596,1.0,0.0,0.0,1.0,1.0,0.0,0.0,False
1776826576.41596,0.0008,0.0,0.0,0.9596,0.9596,1.0,0.0,0.0,1.0,1.0,0.0,0.0,False
1776826578.6214266,0.0047,0.0,0.0,0.9596,0.9596,1.0,0.0,0.0,1.0,1.0,0.0,0.0,False
1776826580.8441167,0.0052,0.0,0.0,0.9596,0.9596,1.0,0.0,0.0,1.0,1.0,0.0,0.0,False
1776826583.0508318,0.0021,0.0,0.0,0.9596,0.9596,1.0,0.0,0.0,1.0,1.0,0.0,0.0,False
1776826585.2606587,0.0009,0.0,0.0,0.9596,0.9596,1.0,0.0,0.0,1.0,1.0,0.0,0.0,False
1776826587.472013,0.0018,0.0,0.0,0.9596,0.9596,1.0,0.0,0.0,1.0,1.0,0.0,0.0,False
1776826589.697837,0.0023,0.0,0.0,0.9595,0.9595,1.0,0.0,0.0,1.0,1.0,0.0,0.0,False
1776826591.897189,0.002,0.0,0.0,0.9595,0.9595,1.0,0.0,0.0,1.0,1.0,0.0,0.0,False
1776826594.104157,0.0012,0.0,0.0,0.9595,0.9595,1.0,0.0,0.0,1.0,1.0,0.0,0.0,False
1776826597.034767,0.0033,0.0,0.0,0.9595,0.9595,1.0,0.0,0.0,1.0,1.0,0.0,0.0,False
1776826599.2403069,0.0023,0.0,0.0,0.9595,0.9595,1.0,0.0,0.0,1.0,1.0,0.0,0.0,False
1776826601.4460573,0.0052,0.0,0.0,0.9595,0.9595,1.0,0.0,0.0,1.0,1.0,0.0,0.0,False
1776826603.7000878,0.0053,0.0,0.0,0.9595,0.9595,1.0,0.0,0.0,1.0,1.0,0.0,0.0,False
1776826605.9190602,0.008,0.0,0.0,0.9594,0.9594,1.0,0.0,0.0,1.0,1.0,0.0,0.0,False
1776826608.1287158,0.0058,0.0,0.0,0.9595,0.9595,1.0,0.0,0.0,1.0,1.0,0.0,0.0,False
1776826610.33788,0.0015,0.0,0.0,0.9595,0.9595,1.0,0.0,0.0,1.0,1.0,0.0,0.0,False
1776826612.5501392,0.0031,0.0,0.0,0.9595,0.9595,1.0,0.0,0.0,1.0,1.0,0.0,0.0,False
1776826614.7641075,0.001,0.0,0.0,0.9595,0.9595,1.0,0.0,0.0,1.0,1.0,0.0,0.0,False
1776826617.0547674,0.0039,0.0,0.0,0.9595,0.9595,1.0,0.0,0.0,1.0,1.0,0.0,0.0,False
1776826619.92879,0.0023,0.0,0.0,0.9594,0.9594,1.0,0.0,0.0,1.0,1.0,0.0,0.0,False
1776826622.1532886,0.0026,0.0,0.0,0.9594,0.9594,1.0,0.0,0.0,1.0,1.0,0.0,0.0,False
1776826624.3640323,0.0021,0.0,0.0,0.9595,0.9595,1.0,0.0,0.0,1.0,1.0,0.0,0.0,False
1776826626.566518,0.0011,0.0,0.0,0.9595,0.9595,1.0,0.0,0.0,1.0,1.0,0.0,0.0,False
1776826628.765732,0.0023,0.0,0.0,0.9595,0.9595,1.0,0.0,0.0,1.0,1.0,0.0,0.0,False
1776826630.9759688,0.0012,0.0,0.0,0.9595,0.9595,1.0,0.0,0.0,1.0,1.0,0.0,0.0,False
1776826633.1729996,0.0038,0.0,0.0,0.9596,0.9596,1.0,0.0,0.0,1.0,1.0,0.0,0.0,False
1776826635.3696854,0.001,0.0,0.0,0.9595,0.9595,1.0,0.0,0.0,1.0,1.0,0.0,0.0,False
1776826637.5690787,0.0026,0.0,0.0,0.9594,0.9594,1.0,0.0,0.0,1.0,1.0,0.0,0.0,False
1776826639.7707307,0.0012,0.0,0.0,0.9594,0.9594,1.0,0.0,0.0,1.0,1.0,0.0,0.0,False
1776826642.610325,0.0016,0.0,0.0,0.9594,0.9594,1.0,0.0,0.0,1.0,1.0,0.0,0.0,False
1776826644.8105576,0.0007,0.0,0.0,0.9594,0.9594,1.0,0.0,0.0,1.0,1.0,0.0,0.0,False
1776826647.0087645,0.0016,0.0,0.0,0.9595,0.9595,1.0,0.0,0.0,1.0,1.0,0.0,0.0,False
1776826649.2187493,0.0023,0.0,0.0,0.9595,0.9595,1.0,0.0,0.0,1.0,1.0,0.0,0.0,False
1776826651.4233022,0.0014,0.0,0.0,0.9595,0.9595,1.0,0.0,0.0,1.0,1.0,0.0,0.0,False
1776826653.625439,0.0045,0.0,0.0,0.9594,0.9594,1.0,0.0,0.0,1.0,1.0,0.0,0.0,False
1776826655.8246884,0.0016,0.0,0.0,0.9595,0.9595,1.0,0.0,0.0,1.0,1.0,0.0,0.0,False
1776826658.0369437,0.0022,0.0,0.0,0.9595,0.9595,1.0,0.0,0.0,1.0,1.0,0.0,0.0,False
1776826660.2382188,0.0011,0.0,0.0,0.9595,0.9595,1.0,0.0,0.0,1.0,1.0,0.0,0.0,False
1776826662.4396195,0.0009,0.0,0.0,0.9595,0.9595,1.0,0.0,0.0,1.0,1.0,0.0,0.0,False
1776826665.320183,0.0027,0.0,0.0,0.9595,0.9595,1.0,0.0,0.0,1.0,1.0,0.0,0.0,False
1776826667.5217965,0.0011,0.0,0.0,0.9595,0.9595,1.0,0.0,0.0,1.0,1.0,0.0,0.0,False
1776826669.7326825,0.0022,0.0,0.0,0.9595,0.9595,1.0,0.0,0.0,1.0,1.0,0.0,0.0,False
1776826671.9360526,0.0034,0.0,0.0,0.9595,0.9595,1.0,0.0,0.0,1.0,1.0,0.0,0.0,False
1776826674.138657,0.0023,0.0,0.0,0.9595,0.9595,1.0,0.0,0.0,1.0,1.0,0.0,0.0,False
1776826676.3496366,0.0011,0.0,0.0,0.9596,0.9596,1.0,0.0,0.0,1.0,1.0,0.0,0.0,False
1776826678.5538762,0.0017,0.0,0.0,0.9595,0.9595,1.0,0.0,0.0,1.0,1.0,0.0,0.0,False
1776826680.759693,0.0052,0.0,0.0,0.9595,0.9595,1.0,0.0,0.0,1.0,1.0,0.0,0.0,False
1776826682.9603937,0.0039,0.0,0.0,0.9595,0.9595,1.0,0.0,0.0,1.0,1.0,0.0,0.0,False
1776826685.159653,0.0026,0.0,0.0,0.9596,0.9596,1.0,0.0,0.0,1.0,1.0,0.0,0.0,False
1776826687.9988585,0.0008,0.0,0.0,0.9596,0.9596,1.0,0.0,0.0,1.0,1.0,0.0,0.0,False
1776826690.2025485,0.0012,0.0,0.0,0.9597,0.9597,1.0,0.0,0.0,1.0,1.0,0.0,0.0,False
1776826692.411933,0.0027,0.0,0.0,0.9596,0.9596,1.0,0.0,0.0,1.0,1.0,0.0,0.0,False
1776826694.6123838,0.0019,0.0,0.0,0.9596,0.9596,1.0,0.0,0.0,1.0,1.0,0.0,0.0,False
1776826696.813706,0.0012,0.0,0.0,0.9596,0.9596,1.0,0.0,0.0,1.0,1.0,0.0,0.0,False
1776826699.0122933,0.0011,0.0,0.0,0.9596,0.9596,1.0,0.0,0.0,1.0,1.0,0.0,0.0,False
1776826701.2115421,0.0021,0.0,0.0,0.9596,0.9596,1.0,0.0,0.0,1.0,1.0,0.0,0.0,False
1776826703.416244,0.0023,0.0,0.0,0.9596,0.9596,1.0,0.0,0.0,1.0,1.0,0.0,0.0,False
1776826705.6223946,0.0016,0.0,0.0,0.9596,0.9596,1.0,0.0,0.0,1.0,1.0,0.0,0.0,False
1776826707.827192,0.002,0.0,0.0,0.9597,0.9597,1.0,0.0,0.0,1.0,1.0,0.0,0.0,False
1776826710.6599894,0.0018,0.0,0.0,0.9596,0.9596,1.0,0.0,0.0,1.0,1.0,0.0,0.0,False
1776826712.861964,0.0025,0.0,0.0,0.9595,0.9595,1.0,0.0,0.0,1.0,1.0,0.0,0.0,False
1776826715.0639243,0.003,0.0,0.0,0.9596,0.9596,1.0,0.0,0.0,1.0,1.0,0.0,0.0,False
1776826717.2706711,0.0038,0.0,0.0,0.9597,0.9597,1.0,0.0,0.0,1.0,1.0,0.0,0.0,False
1776826719.4711776,0.002,0.0,0.0,0.9597,0.9597,1.0,0.0,0.0,1.0,1.0,0.0,0.0,False
1776826721.6769533,0.003,0.0,0.0,0.9595,0.9595,1.0,0.0,0.0,1.0,1.0,0.0,0.0,False
1776826723.877242,0.0035,0.0,0.0,0.9594,0.9594,1.0,0.0,0.0,1.0,1.0,0.0,0.0,False
1776826726.0775487,0.0013,0.0,0.0,0.9594,0.9594,1.0,0.0,0.0,1.0,1.0,0.0,0.0,False
1776826728.280431,0.0025,0.0,0.0,0.9595,0.9595,1.0,0.0,0.0,1.0,1.0,0.0,0.0,False
1776826730.4824264,0.0012,0.0,0.0,0.9595,0.9595,1.0,0.0,0.0,1.0,1.0,0.0,0.0,False
1776826733.3293211,0.0029,0.0,0.0,0.9595,0.9595,1.0,0.0,0.0,1.0,1.0,0.0,0.0,False
1776826735.5354955,0.0029,0.0,0.0,0.9595,0.9595,1.0,0.0,0.0,1.0,1.0,0.0,0.0,False
1776826737.7374635,0.0023,0.0,0.0,0.9601,0.9601,1.0,0.0,0.0,1.0,1.0,0.0,0.0,False
1776826739.9427052,0.0016,0.0,0.0,0.96,0.96,1.0,0.0,0.0,1.0,1.0,0.0,0.0,False
1776826742.1467319,0.0023,0.0,0.0,0.96,0.96,1.0,0.0,0.0,1.0,1.0,0.0,0.0,False
1776826744.3534205,0.0018,0.0,0.0,0.96,0.96,1.0,0.0,0.0,1.0,1.0,0.0,0.0,False
1776826746.5526175,0.0011,0.0,0.0,0.9601,0.9601,1.0,0.0,0.0,1.0,1.0,0.0,0.0,False
1776826748.7549021,0.0023,0.0,0.0,0.9601,0.9601,1.0,0.0,0.0,1.0,1.0,0.0,0.0,False
1776826750.95748,0.0019,0.0,0.0,0.9601,0.9601,1.0,0.0,0.0,1.0,1.0,0.0,0.0,False
1776826753.1556766,0.0066,0.0,0.0,0.96,0.96,1.0,0.0,0.0,1.0,1.0,0.0,0.0,False
1776826755.984408,0.0013,0.0,0.0,0.9599,0.9599,1.0,0.0,0.0,1.0,1.0,0.0,0.0,False
1776826758.1867144,0.0023,0.0,0.0,0.9599,0.9599,1.0,0.0,0.0,1.0,1.0,0.0,0.0,False
1776826760.3863828,0.0023,0.0,0.0,0.9599,0.9599,1.0,0.0,0.0,1.0,1.0,0.0,0.0,False
1776826762.5853949,0.0025,0.0,0.0,0.9599,0.9599,1.0,0.0,0.0,1.0,1.0,0.0,0.0,False
1776826764.7849002,0.002,0.0,0.0,0.9599,0.9599,1.0,0.0,0.0,1.0,1.0,0.0,0.0,False
1776826766.9866443,0.0011,0.0,0.0,0.9599,0.9599,1.0,0.0,0.0,1.0,1.0,0.0,0.0,False
1776826769.1864557,0.001,0.0,0.0,0.9599,0.9599,1.0,0.0,0.0,1.0,1.0,0.0,0.0,False
1776826771.3944588,0.0026,0.0,0.0,0.9599,0.9599,1.0,0.0,0.0,1.0,1.0,0.0,0.0,False
1776826773.596916,0.001,0.0,0.0,0.9599,0.9599,1.0,0.0,0.0,1.0,1.0,0.0,0.0,False
1776826775.8074703,0.0013,0.0,0.0,0.9599,0.9599,1.0,0.0,0.0,1.0,1.0,0.0,0.0,False
1776826778.6453555,0.0012,0.0,0.0,0.9599,0.9599,1.0,0.0,0.0,1.0,1.0,0.0,0.0,False
1776826780.8486714,0.0022,0.0,0.0,0.96,0.96,1.0,0.0,0.0,1.0,1.0,0.0,0.0,False
1776826783.053912,0.0011,0.0,0.0,0.96,0.96,1.0,0.0,0.0,1.0,1.0,0.0,0.0,False
1776826785.2576663,0.0026,0.0,0.0,0.9599,0.9599,1.0,0.0,0.0,1.0,1.0,0.0,0.0,False
1776826787.4574306,0.0023,0.0,0.0,0.96,0.96,1.0,0.0,0.0,1.0,1.0,0.0,0.0,False
1776826789.6568766,0.0023,0.0,0.0,0.9598,0.9598,1.0,0.0,0.0,1.0,1.0,0.0,0.0,False
1776826791.8584597,0.0026,0.0,0.0,0.9599,0.9599,1.0,0.0,0.0,1.0,1.0,0.0,0.0,False
1776826794.0690494,0.0019,0.0,0.0,0.9599,0.9599,1.0,0.0,0.0,1.0,1.0,0.0,0.0,False
1776826796.26928,0.0031,0.0,0.0,0.9599,0.9599,1.0,0.0,0.0,1.0,1.0,0.0,0.0,False
1776826798.469223,0.0026,0.0,0.0,0.9597,0.9597,1.0,0.0,0.0,1.0,1.0,0.0,0.0,False
1776826801.2821417,0.0048,0.0,0.0,0.9599,0.9599,1.0,0.0,0.0,1.0,1.0,0.0,0.0,False
1776826803.4833896,0.005,0.0,0.0,0.9599,0.9599,1.0,0.0,0.0,1.0,1.0,0.0,0.0,False
1776826805.6862867,0.0057,0.0,0.0,0.9598,0.9598,1.0,0.0,0.0,1.0,1.0,0.0,0.0,False
1776826807.8879218,0.0027,0.0,0.0,0.9597,0.9597,1.0,0.0,0.0,1.0,1.0,0.0,0.0,False
1776826810.0885806,0.0024,0.0,0.0,0.9597,0.9597,1.0,0.0,0.0,1.0,1.0,0.0,0.0,False
1776826812.3080285,0.0041,0.0,0.0,0.9583,0.9583,1.0,0.0,0.0,1.0,1.0,0.0,0.0,False
1776826814.510939,0.0057,0.0,0.0,0.9592,0.9592,1.0,0.0,0.0,1.0,1.0,0.0,0.0,False
1776826816.7165902,0.0036,0.0,0.0,0.9593,0.9593,1.0,0.0,0.0,1.0,1.0,0.0,0.0,False
1776826818.917835,0.006,0.0,0.0,0.9593,0.9593,1.0,0.0,0.0,1.0,1.0,0.0,0.0,False
1776826821.1184313,0.001,0.0,0.0,0.9593,0.9593,1.0,0.0,0.0,1.0,1.0,0.0,0.0,False
1776826823.9428334,0.0005,0.0,0.0,0.9592,0.9592,1.0,0.0,0.0,1.0,1.0,0.0,0.0,False
1776826826.1506238,0.0014,0.0,0.0,0.9592,0.9592,1.0,0.0,0.0,1.0,1.0,0.0,0.0,False
1776826828.3654268,0.0066,0.0,0.0,0.959,0.959,1.0,0.0,0.0,1.0,1.0,0.0,0.0,False
1776826830.7388906,0.0038,0.0,0.0,0.959,0.959,1.0,0.0,0.0,1.0,1.0,0.0,0.0,False
1776826832.945381,0.0009,0.0,0.0,0.9591,0.9591,1.0,0.0,0.0,1.0,1.0,0.0,0.0,False
1776826835.1539268,0.001,0.0,0.0,0.9591,0.9591,1.0,0.0,0.0,1.0,1.0,0.0,0.0,False
1776826837.4283178,0.003,0.0,0.0,0.9591,0.9591,1.0,0.0,0.0,1.0,1.0,0.0,0.0,False
1776826839.635685,0.0007,0.0,0.0,0.9591,0.9591,1.0,0.0,0.0,1.0,1.0,0.0,0.0,False
1776826841.8398204,0.0011,0.0,0.0,0.959,0.959,1.0,0.0,0.0,1.0,1.0,0.0,0.0,False
1776826844.0407214,0.0025,0.0,0.0,0.959,0.959,1.0,0.0,0.0,1.0,1.0,0.0,0.0,False
1776826846.8859448,0.002,0.0,0.0,0.959,0.959,1.0,0.0,0.0,1.0,1.0,0.0,0.0,False
1776826849.114861,0.0067,0.0,0.0,0.959,0.959,1.0,0.0,0.0,1.0,1.0,0.0,0.0,False
1776826851.3167472,0.0016,0.0,0.0,0.959,0.959,1.0,0.0,0.0,1.0,1.0,0.0,0.0,False
1776826853.5166152,0.0049,0.0,0.0,0.9589,0.9589,1.0,0.0,0.0,1.0,1.0,0.0,0.0,False
1776826855.733772,0.0025,0.0,0.0,0.9589,0.9589,1.0,0.0,0.0,1.0,1.0,0.0,0.0,False
1776826857.9407928,0.0021,0.0,0.0,0.959,0.959,1.0,0.0,0.0,1.0,1.0,0.0,0.0,False
1776826860.1414526,0.0011,0.0,0.0,0.959,0.959,1.0,0.0,0.0,1.0,1.0,0.0,0.0,False
1776826862.3475945,0.0023,0.0,0.0,0.959,0.959,1.0,0.0,0.0,1.0,1.0,0.0,0.0,False
1776826864.5604687,0.006,0.0,0.0,0.9591,0.9591,1.0,0.0,0.0,1.0,1.0,0.0,0.0,False
1776826866.780644,0.0036,0.0,0.0,0.9592,0.9592,1.0,0.0,0.0,1.0,1.0,0.0,0.0,False
1776826869.630374,0.0036,0.0,0.0,0.9591,0.9591,1.0,0.0,0.0,1.0,1.0,0.0,0.0,False
1776826871.8534057,0.0014,0.0,0.0,0.959,0.959,1.0,0.0,0.0,1.0,1.0,0.0,0.0,False
1776826874.0987873,0.0085,0.0,0.0,0.9591,0.9591,1.0,0.0,0.0,1.0,1.0,0.0,0.0,False
1776826876.2984052,0.0016,0.0,0.0,0.959,0.959,1.0,0.0,0.0,1.0,1.0,0.0,0.0,False
1776826878.4978778,0.001,0.0,0.0,0.959,0.959,1.0,0.0,0.0,1.0,1.0,0.0,0.0,False
1776826880.7008116,0.0024,0.0,0.0,0.959,0.959,1.0,0.0,0.0,1.0,1.0,0.0,0.0,False
1776826882.9018214,0.0022,0.0,0.0,0.959,0.959,1.0,0.0,0.0,1.0,1.0,0.0,0.0,False
1776826885.1086984,0.0023,0.0,0.0,0.959,0.959,1.0,0.0,0.0,1.0,1.0,0.0,0.0,False
1776826887.317875,0.0022,0.0,0.0,0.959,0.959,1.0,0.0,0.0,1.0,1.0,0.0,0.0,False
1776826889.5277307,0.0026,0.0,0.0,0.959,0.959,1.0,0.0,0.0,1.0,1.0,0.0,0.0,False
1776826892.384326,0.0023,0.0,0.0,0.959,0.959,1.0,0.0,0.0,1.0,1.0,0.0,0.0,False
1776826894.9822526,0.0027,0.0,0.0,0.959,0.959,1.0,0.0,0.0,1.0,1.0,0.0,0.0,False
1776826897.1824436,0.0009,0.0,0.0,0.959,0.959,1.0,0.0,0.0,1.0,1.0,0.0,0.0,False
1776826899.543219,0.0012,0.0,0.0,0.959,0.959,1.0,0.0,0.0,1.0,1.0,0.0,0.0,False
1776826901.7417355,0.0035,0.0,0.0,0.959,0.959,1.0,0.0,0.0,1.0,1.0,0.0,0.0,False
1776826903.9495153,0.0037,0.0,0.0,0.9589,0.9589,1.0,0.0,0.0,1.0,1.0,0.0,0.0,False
1776826906.1487322,0.0031,0.0,0.0,0.9589,0.9589,1.0,0.0,0.0,1.0,1.0,0.0,0.0,False
1776826908.349528,0.0011,0.0,0.0,0.9589,0.9589,1.0,0.0,0.0,1.0,1.0,0.0,0.0,False
1776826910.5690248,0.0027,0.0,0.0,0.9589,0.9589,1.0,0.0,0.0,1.0,1.0,0.0,0.0,False
1776826912.8466973,0.0012,0.0,0.0,0.9589,0.9589,1.0,0.0,0.0,1.0,1.0,0.0,0.0,False
1776826915.7081459,0.0045,0.0,0.0,0.9588,0.9588,1.0,0.0,0.0,1.0,1.0,0.0,0.0,False
1776826917.9132795,0.0011,0.0,0.0,0.9589,0.9589,1.0,0.0,0.0,1.0,1.0,0.0,0.0,False
1776826920.1225603,0.0009,0.0,0.0,0.9588,0.9588,1.0,0.0,0.0,1.0,1.0,0.0,0.0,False
1776826922.3378894,0.0045,0.0,0.0,0.9589,0.9589,1.0,0.0,0.0,1.0,1.0,0.0,0.0,False
1776826924.5521913,0.0033,0.0,0.0,0.9589,0.9589,1.0,0.0,0.0,1.0,1.0,0.0,0.0,False
1776826926.7575028,0.0017,0.0,0.0,0.9589,0.9589,1.0,0.0,0.0,1.0,1.0,0.0,0.0,False
1776826928.964507,0.0008,0.0,0.0,0.9589,0.9589,1.0,0.0,0.0,1.0,1.0,0.0,0.0,False
1776826931.163939,0.0018,0.0,0.0,0.9589,0.9589,1.0,0.0,0.0,1.0,1.0,0.0,0.0,False
1776826933.3699596,0.0042,0.0,0.0,0.9601,0.9601,1.0,0.0,0.0,1.0,1.0,0.0,0.0,False
1776826935.5801044,0.0024,0.0,0.0,0.9602,0.9602,1.0,0.0,0.0,1.0,1.0,0.0,0.0,False
1776826938.4069614,0.0032,0.0,0.0,0.9603,0.9603,1.0,0.0,0.0,1.0,1.0,0.0,0.0,False
1776826940.6109538,0.0012,0.0,0.0,0.9603,0.9603,1.0,0.0,0.0,1.0,1.0,0.0,0.0,False
1776826942.909771,0.0027,0.0,0.0,0.9602,0.9602,1.0,0.0,0.0,1.0,1.0,0.0,0.0,False
1776826945.1113544,0.0005,0.0,0.0,0.9602,0.9602,1.0,0.0,0.0,1.0,1.0,0.0,0.0,False
1776826947.3192744,0.0038,0.0,0.0,0.9603,0.9603,1.0,0.0,0.0,1.0,1.0,0.0,0.0,False
1776826949.533375,0.0018,0.0,0.0,0.9603,0.9603,1.0,0.0,0.0,1.0,1.0,0.0,0.0,False
1776826951.7831717,0.0096,0.0,0.0,0.9602,0.9602,1.0,0.0,0.0,1.0,1.0,0.0,0.0,False
1776826953.997805,0.0046,0.0,0.0,0.9602,0.9602,1.0,0.0,0.0,1.0,1.0,0.0,0.0,False
1776826956.2133913,0.0017,0.0,0.0,0.9603,0.9603,1.0,0.0,0.0,1.0,1.0,0.0,0.0,False
1776826958.4480395,0.0053,0.0,0.0,0.9603,0.9603,1.0,0.0,0.0,1.0,1.0,0.0,0.0,False
1776826961.3285923,0.0014,0.0,0.0,0.9603,0.9603,1.0,0.0,0.0,1.0,1.0,0.0,0.0,False
1776826963.6810875,0.0062,0.0,0.0,0.9603,0.9603,1.0,0.0,0.0,1.0,1.0,0.0,0.0,False
1776826965.8857124,0.001,0.0,0.0,0.9603,0.9603,1.0,0.0,0.0,1.0,1.0,0.0,0.0,False
1776826968.0837066,0.0023,0.0,0.0,0.9603,0.9603,1.0,0.0,0.0,1.0,1.0,0.0,0.0,False
1776826998.961305,0.0019,0.0,0.0,0.9601,0.9601,1.0,0.0,0.0,1.0,1.0,0.0,0.0,False
1776827001.1583486,0.0026,0.0,0.0,0.9601,0.9601,1.0,0.0,0.0,1.0,1.0,0.0,0.0,False
1776827003.3572335,0.0016,0.0,0.0,0.9601,0.9601,1.0,0.0,0.0,1.0,1.0,0.0,0.0,False
1776827005.5528119,0.0023,0.0,0.0,0.96,0.96,1.0,0.0,0.0,1.0,1.0,0.0,0.0,False
1776827007.7491539,0.0019,0.0,0.0,0.9601,0.9601,1.0,0.0,0.0,1.0,1.0,0.0,0.0,False
1776827009.951735,0.0006,0.0,0.0,0.9601,0.9601,1.0,0.0,0.0,1.0,1.0,0.0,0.0,False
1776827012.150112,0.0023,0.0,0.0,0.96,0.96,1.0,0.0,0.0,1.0,1.0,0.0,0.0,False
1776827014.3572493,0.0,0.0,0.0,0.96,0.96,1.0,0.0,0.0,1.0,1.0,0.0,0.0,False
1776827016.5584416,0.0039,0.0,0.0,0.9601,0.9601,1.0,0.0,0.0,1.0,1.0,0.0,0.0,False
1776827018.7613096,0.0017,0.0,0.0,0.9601,0.9601,1.0,0.0,0.0,1.0,1.0,0.0,0.0,False
1776827023.2800398,0.0024,0.0,0.0,0.96,0.96,1.0,0.0,0.0,1.0,1.0,0.0,0.0,False
1776827051.765051,0.0009,0.0,0.0,0.9602,0.9602,1.0,0.0,0.0,1.0,1.0,0.0,0.0,False
1776827055.663783,0.0034,0.0,0.0,0.9601,0.9601,1.0,0.0,0.0,1.0,1.0,0.0,0.0,False
1776827084.1634405,0.0019,0.0,0.0,0.9605,0.9605,1.0,0.0,0.0,1.0,1.0,0.0,0.0,False
1776827088.012993,0.0019,0.0,0.0,0.9605,0.9605,1.0,0.0,0.0,1.0,1.0,0.0,0.0,False
1776827090.2242596,0.0015,0.0,0.0,0.9604,0.9604,1.0,0.0,0.0,1.0,1.0,0.0,0.0,False
1776827092.4394224,0.0028,0.0,0.0,0.9604,0.9604,1.0,0.0,0.0,1.0,1.0,0.0,0.0,False
1776827094.6578588,0.0019,0.0,0.0,0.9604,0.9604,1.0,0.0,0.0,1.0,1.0,0.0,0.0,False
1776827096.8721628,0.0023,0.0,0.0,0.9604,0.9604,1.0,0.0,0.0,1.0,1.0,0.0,0.0,False
1776827099.0888562,0.0022,0.0,0.0,0.9603,0.9603,1.0,0.0,0.0,1.0,1.0,0.0,0.0,False
1776827101.3073835,0.0028,0.0,0.0,0.9603,0.9603,1.0,0.0,0.0,1.0,1.0,0.0,0.0,False
1776827103.539071,0.0025,0.0,0.0,0.9604,0.9604,1.0,0.0,0.0,1.0,1.0,0.0,0.0,False
1776827106.396805,0.0021,0.0,0.0,0.9604,0.9604,1.0,0.0,0.0,1.0,1.0,0.0,0.0,False
1776827108.616962,0.0011,0.0,0.0,0.9604,0.9604,1.0,0.0,0.0,1.0,1.0,0.0,0.0,False
1776827110.8217738,0.0024,0.0,0.0,0.9603,0.9603,1.0,0.0,0.0,1.0,1.0,0.0,0.0,False
1776827113.038859,0.001,0.0,0.0,0.9604,0.9604,1.0,0.0,0.0,1.0,1.0,0.0,0.0,False
1776827115.2458284,0.0036,0.0,0.0,0.9603,0.9603,1.0,0.0,0.0,1.0,1.0,0.0,0.0,False
1776827116.539456,0.0027,0.0,0.0,0.9603,0.9603,1.0,0.0,0.0,1.0,1.0,0.0,0.0,False
1776827117.4544384,0.001,0.0,0.0,0.9603,0.9603,1.0,0.0,0.0,1.0,1.0,0.0,0.0,False
1776827118.7493594,0.0012,0.0,0.0,0.9603,0.9603,1.0,0.0,0.0,1.0,1.0,0.0,0.0,False
1776827119.663376,0.0019,0.0,0.0,0.9604,0.9604,1.0,0.0,0.0,1.0,1.0,0.0,0.0,False
1776827120.9555645,0.0035,0.0,0.0,0.9604,0.9604,1.0,0.0,0.0,1.0,1.0,0.0,0.0,False
1776827121.8676028,0.0021,0.0,0.0,0.9604,0.9604,1.0,0.0,0.0,1.0,1.0,0.0,0.0,False
1776827123.1622486,0.0023,0.0,0.0,0.9604,0.9604,1.0,0.0,0.0,1.0,1.0,0.0,0.0,False
1776827124.0750365,0.0012,0.0,0.0,0.9604,0.9604,1.0,0.0,0.0,1.0,1.0,0.0,0.0,False
1776827125.3694124,0.0012,0.0,0.0,0.9603,0.9603,1.0,0.0,0.0,1.0,1.0,0.0,0.0,False
1776827126.2790203,0.0055,0.0,0.0,0.9604,0.9604,1.0,0.0,0.0,1.0,1.0,0.0,0.0,False
1776827127.5769901,0.001,0.0,0.0,0.9604,0.9604,1.0,0.0,0.0,1.0,1.0,0.0,0.0,False
1776827129.1122448,0.002,0.0,0.0,0.9602,0.9602,1.0,0.0,0.0,1.0,1.0,0.0,0.0,False
1776827129.7911391,0.0021,0.0,0.0,0.9602,0.9602,1.0,0.0,0.0,1.0,1.0,0.0,0.0,False
1776827131.3203273,0.0067,0.0,0.0,0.9601,0.9601,1.0,0.0,0.0,1.0,1.0,0.0,0.0,False
1776827131.9950886,0.0023,0.0,0.0,0.9601,0.9601,1.0,0.0,0.0,1.0,1.0,0.0,0.0,False
1776827133.5244112,0.0008,0.0,0.0,0.9602,0.9602,1.0,0.0,0.0,1.0,1.0,0.0,0.0,False
1776827134.8254285,0.0018,0.0,0.0,0.9603,0.9603,1.0,0.0,0.0,1.0,1.0,0.0,0.0,False
1776827135.736318,0.0009,0.0,0.0,0.9603,0.9603,1.0,0.0,0.0,1.0,1.0,0.0,0.0,False
1776827137.032774,0.0038,0.0,0.0,0.9603,0.9603,1.0,0.0,0.0,1.0,1.0,0.0,0.0,False
1776827137.945416,0.0019,0.0,0.0,0.9603,0.9603,1.0,0.0,0.0,1.0,1.0,0.0,0.0,False
1776827139.2390556,0.0008,0.0,0.0,0.9603,0.9603,1.0,0.0,0.0,1.0,1.0,0.0,0.0,False
1776827140.1608052,0.0038,0.0,0.0,0.9603,0.9603,1.0,0.0,0.0,1.0,1.0,0.0,0.0,False
1776827141.4450243,0.0024,0.0,0.0,0.9603,0.9603,1.0,0.0,0.0,1.0,1.0,0.0,0.0,False
1776827142.3710191,0.0027,0.0,0.0,0.9603,0.9603,1.0,0.0,0.0,1.0,1.0,0.0,0.0,False
1776827143.6519468,0.0023,0.0,0.0,0.9602,0.9602,1.0,0.0,0.0,1.0,1.0,0.0,0.0,False
1776827144.5777247,0.0017,0.0,0.0,0.9603,0.9603,1.0,0.0,0.0,1.0,1.0,0.0,0.0,False
1776827145.8564668,0.0018,0.0,0.0,0.9603,0.9603,1.0,0.0,0.0,1.0,1.0,0.0,0.0,False
1776827147.1951725,0.0039,0.0,0.0,0.9603,0.9603,1.0,0.0,0.0,1.0,1.0,0.0,0.0,False
1776827148.0656273,0.2655,0.0,0.0,0.977,0.977,1.0,0.0,0.0,1.0,1.0,0.0,0.0,False
1776827150.2839992,0.0511,0.0,0.0,0.9832,0.9832,1.0,0.0,0.0,1.0,1.0,0.0,0.0,False
1776827152.4895108,0.018,0.0,0.0,0.9832,0.9832,1.0,0.0,0.0,1.0,1.0,0.0,0.0,False
1776827154.6968772,0.0006,0.0,0.0,0.9832,0.9832,1.0,0.0,0.0,1.0,1.0,0.0,0.0,False
1776827157.536197,0.0,0.0,0.0,1.0,1.0,1.0,0.0,0.0,1.0,1.0,0.0,0.0,False
1776827159.582405,0.0,0.0,0.0,1.0,1.0,1.0,0.0,0.0,1.0,1.0,0.0,0.0,False
1776827159.7566333,0.0,0.0,0.0,1.0,1.0,1.0,0.0,0.0,1.0,1.0,0.0,0.0,False
1776827163.1954978,-909.4963,0.0,0.0,0.9998,0.9998,1.0,0.0,0.0,1.0,1.0,0.0,0.0,False
1776827165.4357498,0.0402,0.0,0.0,0.9994,0.9994,1.0,0.0,0.0,1.0,1.0,0.0,0.0,False
1776827167.6959264,0.0374,0.0,0.0,0.9987,0.9987,1.0,0.0,0.0,1.0,1.0,0.0,0.0,False
1776827170.001912,0.0758,0.0,0.0,0.998,0.998,1.0,0.0,0.0,1.0,1.0,0.0,0.0,False
1776827172.2175426,0.0851,0.0,0.0,0.9956,0.9956,1.0,0.0,0.0,1.0,1.0,0.0,0.0,False
1776827174.4273248,0.013,0.0,0.0,0.9941,0.9941,1.0,0.0,0.0,1.0,1.0,0.0,0.0,False
1776827186.9288425,0.0325,0.0,0.0,0.9986,0.9986,1.0,0.0,0.0,1.0,1.0,0.0,0.0,False
